{"train/loss": 0.0691, "train/learning_rate": 1.9801980198019803e-07, "train/epoch": 10.0, "train/global_step": 7070, "_timestamp": 1708127347.2487147, "_runtime": 2514.1725137233734, "_step": 25, "eval/loss": 1.2416437864303589, "eval/accuracy": 0.48412698412698413, "eval/runtime": 3.2908, "eval/samples_per_second": 229.731, "eval/steps_per_second": 7.293, "train/train_runtime": 2503.3452, "train/train_samples_per_second": 90.335, "train/train_steps_per_second": 2.824, "train/total_flos": 8056292095281180.0, "train/train_loss": 0.3431978195357694, "_wandb": {"runtime": 2513}}