{"train/loss": 0.0551, "train/learning_rate": 3.113553113553114e-07, "train/epoch": 10.0, "train/global_step": 21840, "_timestamp": 1708127159.5681503, "_runtime": 7514.045734167099, "_step": 54, "eval/loss": 1.1557971239089966, "eval/accuracy": 0.5105820105820106, "eval/runtime": 7.1277, "eval/samples_per_second": 106.065, "eval/steps_per_second": 6.734, "train/train_runtime": 7499.3438, "train/train_samples_per_second": 46.592, "train/train_steps_per_second": 2.912, "train/total_flos": 2.5490872280444144e+16, "train/train_loss": 0.2928219563795097, "_wandb": {"runtime": 7513}}