{"train/loss": 0.0498, "train/learning_rate": 8.510638297872341e-07, "train/epoch": 10.0, "train/global_step": 9400, "_timestamp": 1708131681.4488382, "_runtime": 3657.6043581962585, "_step": 29, "eval/loss": 1.2358081340789795, "eval/accuracy": 0.5497237569060773, "eval/runtime": 5.2834, "eval/samples_per_second": 205.551, "eval/steps_per_second": 6.435, "train/train_runtime": 3606.8804, "train/train_samples_per_second": 83.393, "train/train_steps_per_second": 2.606, "train/total_flos": 1.8886546777990976e+16, "train/train_loss": 0.28096139217944854, "_wandb": {"runtime": 3656}}